'327', '344', '458', '463', '465', '471', '476', '485', '488', '494', '498', '499', '503', '506', '514', '516', '519', '535', '540', '543', '548', '549', '556', '575', '576', '579', '585'
'323', '393', '408', '411', '413', '456', '518', '526', '564', '566', '593', '594', '596', '599', '606', '613', '614', '615', '618', '619', '620', '621', '622', '642', '643', '644', '645', '646', '647'
'1', '126', '13', '136', '139', '148', '166', '167', '168', '169', '173', '196', '220', '23', '246', '247', '259', '260', '269', '286', '292', '3', '34', '396', '4', '48', '51', '85', '89', '90', '94', '95'
'451', '455', '457', '461', '462', '464', '470', '472', '475', '477', '479', '480', '481', '484', '491', '497', '500', '507', '508', '511', '513', '523', '528', '529', '532', '536', '537', '539', '552', '557', '558', '560', '561', '565', '570', '574', '582', '583', '584'
'103', '127', '164', '225', '257', '299', '300', '301', '307', '308', '314', '315', '317', '320', '322', '330', '336', '338', '339', '340', '343', '349', '350', '352', '371', '373', '374', '375', '377', '381', '382', '386', '397', '398', '400', '401', '405', '419', '421', '430', '431', '432', '433', '443', '444', '64'
'145', '147', '153', '172', '177', '178', '2', '218', '222', '237', '248', '249', '263', '272', '274', '298', '305', '310', '311', '312', '313', '316', '318', '333', '334', '335', '348', '35', '351', '354', '359', '360', '361', '362', '363', '364', '365', '366', '369', '370', '376', '380', '385', '387', '394', '395', '407', '409', '410', '412', '414', '415', '420', '423', '425', '426', '427', '428', '436', '52', '53', '9', '91'
'100', '107', '110', '113', '115', '12', '121', '125', '131', '133', '134', '135', '14', '140', '156', '158', '16', '160', '162', '163', '174', '18', '184', '189', '192', '193', '194', '204', '206', '217', '226', '228', '245', '25', '251', '252', '254', '258', '265', '275', '276', '277', '278', '28', '280', '281', '283', '285', '289', '290', '33', '36', '37', '392', '46', '55', '57', '60', '63', '68', '74', '80', '81', '82'
'306', '378', '379', '434', '441', '544', '571', '587', '588', '589', '590', '591', '592', '595', '597', '598', '600', '601', '602', '603', '604', '605', '607', '608', '609', '610', '611', '612', '616', '617', '623', '624', '625', '626', '627', '628', '629', '630', '631', '632', '633', '634', '635', '636', '637', '638', '639', '640', '641', '648', '649', '650', '651', '652', '653', '654', '655', '656', '657', '658', '659', '660', '661', '662'
'101', '104', '105', '108', '112', '116', '117', '119', '120', '129', '130', '138', '142', '144', '159', '161', '175', '179', '197', '199', '200', '202', '203', '205', '211', '221', '232', '233', '238', '243', '244', '250', '253', '26', '261', '267', '282', '284', '29', '291', '296', '319', '324', '345', '357', '38', '384', '388', '389', '39', '390', '391', '406', '416', '417', '442', '54', '58', '59', '66', '67', '71', '72', '73', '78', '8', '88'
'449', '450', '452', '453', '454', '459', '460', '466', '467', '468', '469', '473', '474', '478', '482', '483', '486', '487', '489', '490', '492', '493', '495', '496', '501', '502', '504', '505', '509', '510', '512', '515', '517', '520', '521', '522', '524', '525', '527', '530', '531', '533', '534', '538', '541', '542', '545', '546', '547', '550', '551', '553', '554', '555', '559', '562', '563', '567', '568', '569', '572', '573', '577', '578', '580', '581', '586'
'102', '114', '118', '123', '146', '150', '170', '171', '180', '181', '185', '186', '188', '195', '198', '207', '21', '214', '22', '224', '227', '229', '240', '241', '256', '262', '27', '270', '273', '279', '288', '297', '302', '309', '31', '321', '325', '326', '328', '329', '331', '332', '337', '341', '342', '347', '367', '368', '372', '383', '399', '402', '41', '418', '422', '429', '435', '437', '438', '439', '44', '440', '445', '446', '447', '448', '50', '61', '69', '70', '75', '77', '84', '87', '92', '96', '97', '98'
'10', '106', '109', '11', '111', '122', '124', '128', '132', '137', '141', '143', '149', '15', '151', '152', '154', '155', '157', '165', '17', '176', '182', '183', '187', '19', '190', '191', '20', '201', '208', '209', '210', '212', '213', '215', '216', '219', '223', '230', '231', '234', '235', '236', '239', '24', '242', '255', '264', '266', '268', '271', '287', '293', '294', '295', '30', '303', '304', '32', '346', '353', '355', '356', '358', '40', '403', '404', '42', '424', '43', '45', '47', '49', '5', '56', '6', '62', '65', '7', '76', '79', '83', '86', '93', '99'
